User,Words,Sentences,Similarity
Akhil,62,6,0.4281134754419327
WAISL,132,10,0.21503035351634026
Aavenir,192,11,0.3795960247516632
Joe,7,1,0.0
Goutham,28,5,0.1678225714713335
